HistoryID,UserID,DestinationID,VisitDate
1,1,39,24-06-2020
2,2,582,10-03-2021
3,3,57,11-04-2020
4,4,543,21-04-2024
5,5,304,11-02-2020
6,6,20,25-03-2023
7,7,336,08-03-2025
8,8,656,05-02-2020
9,9,171,11-12-2025
10,10,444,13-07-2025
11,11,160,09-04-2021
12,12,211,29-05-2021
13,13,597,03-06-2023
14,14,334,04-02-2023
15,15,638,16-02-2023
16,16,221,04-04-2025
17,17,104,13-02-2024
18,18,643,28-08-2022
19,19,332,25-03-2025
20,20,39,13-06-2020
21,21,574,08-01-2025
22,22,288,15-09-2025
23,23,350,14-07-2025
24,24,564,25-02-2021
25,25,160,08-12-2020
26,26,131,16-10-2020
27,27,336,12-01-2020
28,28,116,13-08-2021
29,29,572,06-08-2024
30,30,330,04-09-2021
31,31,419,17-11-2023
32,32,291,29-08-2025
33,33,229,24-05-2023
34,34,583,09-01-2025
35,35,150,31-10-2021
36,36,385,23-04-2020
37,37,571,16-12-2025
38,38,597,09-01-2022
39,39,38,22-08-2025
40,40,653,16-03-2023
41,41,499,09-05-2021
42,42,279,04-08-2023
43,43,301,23-03-2025
44,44,519,28-12-2020
45,45,180,15-10-2020
46,46,609,17-10-2025
47,47,39,16-09-2021
48,48,304,10-10-2024
49,49,572,07-09-2022
50,50,576,19-01-2024
51,51,449,28-05-2023
52,52,503,24-02-2025
53,53,300,24-01-2024
54,54,336,28-11-2021
55,55,516,13-11-2022
56,56,167,23-09-2023
57,57,166,06-08-2024
58,58,166,02-04-2021
59,59,162,15-09-2023
60,60,7,07-05-2021
61,61,205,25-10-2022
62,62,172,19-09-2024
63,63,492,07-05-2022
64,64,638,12-06-2025
65,65,164,18-04-2023
66,66,98,02-12-2025
67,67,276,11-06-2022
68,68,45,27-02-2020
69,69,55,29-03-2024
70,70,23,06-12-2021
71,71,574,28-10-2025
72,72,604,26-04-2023
73,73,172,26-10-2022
74,74,152,01-05-2024
75,75,336,05-05-2025
76,76,503,25-03-2025
77,77,134,08-04-2021
78,78,221,10-08-2023
79,79,510,18-09-2021
80,80,96,19-07-2023
81,81,115,18-08-2024
82,82,588,07-09-2023
83,83,85,27-12-2025
84,84,135,30-04-2023
85,85,330,17-02-2020
86,86,523,28-01-2020
87,87,500,21-01-2024
88,88,332,27-02-2025
89,89,63,01-04-2023
90,90,631,09-05-2024
91,91,516,20-06-2021
92,92,57,23-10-2022
93,93,124,06-09-2024
94,94,362,18-07-2021
95,95,220,27-02-2020
96,96,350,05-10-2021
97,97,652,05-02-2022
98,98,280,13-08-2024
99,99,39,30-05-2020
100,100,152,21-11-2021
101,101,426,25-11-2024
102,102,522,13-12-2020
103,103,432,15-08-2020
104,104,333,05-06-2024
105,105,381,06-05-2023
106,106,39,27-07-2024
107,107,568,26-09-2020
108,108,333,09-07-2024
109,109,170,28-05-2022
110,110,619,04-10-2023
111,111,381,09-10-2024
112,112,39,12-04-2025
113,113,597,16-08-2020
114,114,597,31-12-2020
115,115,164,19-11-2022
116,116,633,07-04-2023
117,117,547,07-08-2022
118,118,318,25-07-2025
119,119,531,22-04-2025
120,120,266,11-09-2024
121,121,311,28-12-2024
122,122,248,17-10-2024
123,123,243,01-01-2021
124,124,152,12-10-2024
125,125,39,11-07-2025
126,126,73,14-06-2020
127,127,217,13-12-2020
128,128,637,14-10-2021
129,129,362,23-03-2020
130,130,228,04-10-2023
131,131,177,24-04-2021
132,132,492,01-09-2020
133,133,572,30-09-2025
134,134,627,30-08-2022
135,135,6,28-08-2023
136,136,507,12-09-2020
137,137,631,30-03-2024
138,138,42,04-05-2020
139,139,393,31-12-2024
140,140,301,01-03-2021
141,141,404,26-09-2022
142,142,552,21-02-2023
143,143,562,18-05-2021
144,144,597,04-03-2022
145,145,208,17-05-2025
146,146,511,03-09-2024
147,147,90,27-03-2023
148,148,535,07-02-2021
149,149,443,06-11-2020
150,150,117,10-06-2025
151,151,643,14-09-2023
152,152,574,31-03-2025
153,153,443,03-08-2020
154,154,572,04-01-2025
155,155,94,23-08-2023
156,156,399,21-09-2025
157,157,170,30-03-2020
158,158,39,13-12-2025
159,159,435,21-09-2020
160,160,269,21-09-2021
161,161,566,04-09-2021
162,162,141,19-05-2024
163,163,535,14-08-2025
164,164,191,04-09-2022
165,165,288,16-01-2021
166,166,332,01-01-2020
167,167,85,14-08-2020
168,168,568,09-04-2022
169,169,339,10-07-2025
170,170,75,25-08-2022
171,171,367,17-03-2023
172,172,572,26-07-2020
173,173,574,31-10-2023
174,174,371,04-09-2020
175,175,574,27-07-2024
176,176,170,26-02-2023
177,177,73,13-06-2024
178,178,452,14-06-2020
179,179,545,22-01-2025
180,180,205,01-05-2022
181,181,4,22-11-2022
182,182,117,05-09-2024
183,183,144,06-02-2024
184,184,514,27-05-2020
185,185,259,03-04-2024
186,186,546,22-02-2024
187,187,625,26-09-2025
188,188,574,03-04-2023
189,189,103,06-04-2025
190,190,5,30-11-2021
191,191,50,20-05-2021
192,192,135,30-04-2022
193,193,631,26-07-2025
194,194,217,12-05-2021
195,195,520,21-08-2025
196,196,378,17-03-2025
197,197,652,11-01-2025
198,198,29,21-05-2023
199,199,404,25-06-2020
200,200,289,17-09-2024
201,201,3,08-07-2025
202,202,574,21-12-2024
203,203,312,01-07-2022
204,204,191,31-05-2022
205,205,539,13-04-2021
206,206,647,08-11-2020
207,207,332,12-09-2022
208,208,122,11-05-2022
209,209,53,04-05-2024
210,210,475,29-03-2020
211,211,188,06-03-2022
212,212,330,17-02-2024
213,213,215,27-11-2025
214,214,540,17-07-2024
215,215,576,25-02-2020
216,216,164,22-04-2020
217,217,152,12-02-2022
218,218,611,13-04-2021
219,219,154,28-05-2023
220,220,480,17-12-2022
221,221,160,30-07-2022
222,222,652,03-11-2024
223,223,362,08-06-2025
224,224,160,13-05-2024
225,225,154,20-04-2022
226,226,258,06-09-2024
227,227,319,13-05-2021
228,228,546,07-03-2023
229,229,219,07-06-2020
230,230,330,22-04-2024
231,231,226,18-09-2025
232,232,17,12-11-2023
233,233,209,11-02-2024
234,234,85,23-12-2025
235,235,311,09-04-2021
236,236,133,20-08-2022
237,237,475,17-09-2022
238,238,200,15-09-2025
239,239,117,19-06-2021
240,240,576,04-06-2022
241,241,90,25-11-2021
242,242,536,07-01-2023
243,243,414,16-12-2020
244,244,128,17-09-2023
245,245,49,01-07-2020
246,246,418,10-04-2024
247,247,561,10-10-2025
248,248,606,10-06-2024
249,249,75,10-09-2023
250,250,291,27-07-2022
251,251,61,13-06-2020
252,252,319,31-08-2020
253,253,483,24-04-2020
254,254,584,28-02-2024
255,255,278,30-06-2022
256,256,249,27-07-2021
257,257,308,02-02-2021
258,258,597,25-08-2023
259,259,626,22-05-2025
260,260,164,23-09-2023
261,261,574,02-10-2025
262,262,75,05-02-2025
263,263,170,21-04-2025
264,264,301,11-09-2024
265,265,78,18-08-2021
266,266,35,14-09-2021
267,267,325,10-01-2023
268,268,385,10-10-2021
269,269,318,15-02-2024
270,270,117,29-03-2025
271,271,318,23-06-2020
272,272,172,27-11-2022
273,273,653,26-12-2020
274,274,386,17-10-2025
275,275,91,21-06-2020
276,276,385,28-07-2025
277,277,288,14-02-2025
278,278,204,29-05-2024
279,279,443,06-07-2022
280,280,50,22-11-2025
281,281,64,22-05-2024
282,282,588,20-09-2023
283,283,5,25-06-2025
284,284,332,10-05-2020
285,285,488,12-09-2025
286,286,564,19-10-2021
287,287,278,07-09-2021
288,288,164,10-11-2020
289,289,612,17-10-2022
290,290,629,25-09-2021
291,291,383,13-12-2021
292,292,152,31-03-2022
293,293,563,14-01-2021
294,294,453,01-12-2021
295,295,581,19-05-2021
296,296,168,01-01-2024
297,297,127,12-02-2021
298,298,564,04-05-2023
299,299,301,16-02-2021
300,300,237,27-11-2023
301,301,318,05-08-2020
302,302,576,11-06-2023
303,303,191,22-08-2022
304,304,238,06-10-2021
305,305,538,13-04-2021
306,306,460,27-11-2024
307,307,576,08-09-2024
308,308,250,28-05-2023
309,309,573,14-07-2024
310,310,618,13-12-2020
311,311,509,12-07-2025
312,312,200,09-01-2021
313,313,572,24-06-2021
314,314,597,10-08-2023
315,315,508,27-01-2023
316,316,73,06-07-2022
317,317,637,20-04-2021
318,318,276,10-01-2024
319,319,233,28-05-2023
320,320,580,30-08-2020
321,321,394,23-07-2020
322,322,152,08-10-2025
323,323,379,13-03-2024
324,324,631,17-08-2023
325,325,162,18-05-2025
326,326,291,30-03-2021
327,327,585,15-03-2023
328,328,170,06-07-2021
329,329,132,07-02-2023
330,330,150,20-01-2021
331,331,67,24-10-2024
332,332,270,14-06-2022
333,333,425,06-06-2022
334,334,114,03-07-2025
335,335,362,20-03-2020
336,336,152,02-06-2021
337,337,492,04-11-2023
338,338,308,03-12-2023
339,339,647,06-07-2020
340,340,33,15-02-2023
341,341,575,19-03-2023
342,342,242,03-09-2021
343,343,17,22-09-2020
344,344,224,02-10-2021
345,345,412,20-06-2022
346,346,189,20-12-2020
347,347,383,01-02-2025
348,348,480,28-06-2023
349,349,647,08-01-2023
350,350,656,24-01-2021
351,351,8,02-05-2023
352,352,516,30-04-2025
353,353,631,14-03-2023
354,354,333,29-07-2024
355,355,105,17-03-2023
356,356,189,30-01-2025
357,357,201,23-02-2025
358,358,590,09-09-2025
359,359,124,23-06-2022
360,360,406,26-02-2021
361,361,647,11-04-2024
362,362,124,27-07-2022
363,363,497,14-07-2025
364,364,576,12-05-2023
365,365,516,11-03-2024
366,366,138,22-06-2021
367,367,509,24-01-2022
368,368,154,06-12-2020
369,369,15,19-04-2020
370,370,359,04-08-2024
371,371,160,20-07-2023
372,372,483,15-07-2023
373,373,557,25-03-2022
374,374,511,13-11-2024
375,375,30,12-07-2022
376,376,520,10-05-2025
377,377,39,16-08-2021
378,378,300,12-09-2024
379,379,9,09-06-2020
380,380,336,10-09-2021
381,381,57,22-01-2024
382,382,25,10-08-2021
383,383,164,07-05-2023
384,384,283,28-04-2020
385,385,117,02-01-2024
386,386,288,11-03-2021
387,387,497,21-04-2023
388,388,574,02-04-2025
389,389,319,03-05-2024
390,390,563,10-11-2023
391,391,568,24-03-2023
392,392,547,14-11-2025
393,393,516,10-11-2021
394,394,135,21-11-2023
395,395,477,16-09-2021
396,396,574,21-07-2023
397,397,45,13-02-2025
398,398,483,17-08-2021
399,399,318,08-03-2023
400,400,336,25-12-2023
401,401,320,08-03-2022
402,402,507,24-12-2025
403,403,325,03-09-2021
404,404,181,20-06-2023
405,405,572,03-10-2024
406,406,575,30-12-2022
407,407,33,21-02-2024
408,408,468,14-03-2022
409,409,11,20-11-2024
410,410,37,05-03-2020
411,411,590,07-09-2024
412,412,359,13-02-2022
413,413,286,07-04-2024
414,414,487,28-10-2022
415,415,98,05-12-2020
416,416,594,05-05-2020
417,417,20,11-10-2025
418,418,110,04-01-2020
419,419,383,01-09-2020
420,420,516,29-11-2020
421,421,50,04-02-2023
422,422,465,18-10-2021
423,423,298,31-05-2020
424,424,504,11-03-2023
425,425,334,11-06-2023
426,426,597,09-10-2023
427,427,98,18-06-2023
428,428,276,07-10-2020
429,429,404,08-08-2020
430,430,69,08-07-2025
431,431,658,22-03-2023
432,432,302,12-04-2021
433,433,235,14-07-2022
434,434,579,01-08-2024
435,435,597,20-01-2020
436,436,414,15-04-2020
437,437,332,21-04-2025
438,438,597,10-08-2025
439,439,317,05-01-2021
440,440,309,03-05-2023
441,441,565,25-06-2024
442,442,273,17-05-2020
443,443,516,27-05-2023
444,444,515,09-12-2020
445,445,404,14-08-2021
446,446,613,22-04-2021
447,447,593,01-08-2022
448,448,546,17-05-2024
449,449,393,11-12-2023
450,450,353,29-01-2023
451,451,353,06-05-2022
452,452,45,22-05-2020
453,453,520,07-08-2024
454,454,124,07-01-2025
455,455,515,05-06-2023
456,456,500,26-10-2022
457,457,258,31-07-2025
458,458,212,04-06-2025
459,459,33,12-05-2021
460,460,88,05-06-2020
461,461,568,10-03-2025
462,462,39,23-01-2022
463,463,185,07-11-2024
464,464,537,15-07-2022
465,465,576,25-04-2025
466,466,76,29-07-2024
467,467,499,02-05-2023
468,468,126,13-11-2021
469,469,35,05-08-2020
470,470,60,03-12-2024
471,471,623,29-01-2025
472,472,154,28-05-2022
473,473,302,15-11-2023
474,474,318,22-07-2025
475,475,216,07-09-2023
476,476,473,20-07-2021
477,477,261,03-01-2025
478,478,607,03-05-2025
479,479,566,30-09-2020
480,480,514,14-01-2021
481,481,270,08-08-2024
482,482,525,17-09-2022
483,483,160,09-12-2021
484,484,546,11-12-2025
485,485,520,27-10-2023
486,486,647,10-01-2022
487,487,597,30-03-2021
488,488,494,09-08-2025
489,489,269,03-06-2023
490,490,97,19-06-2025
491,491,58,08-03-2025
492,492,301,01-07-2022
493,493,146,27-01-2023
494,494,3,14-09-2024
495,495,308,24-02-2024
496,496,517,26-03-2020
497,497,137,12-05-2021
498,498,300,07-11-2022
499,499,597,12-12-2025
500,500,391,19-04-2020
501,501,286,16-11-2022
502,502,372,17-04-2022
503,503,533,28-01-2022
504,504,318,02-10-2025
505,505,260,01-02-2025
506,506,438,27-12-2022
507,507,172,21-09-2022
508,508,448,31-01-2022
509,509,181,13-09-2021
510,510,564,30-11-2022
511,511,521,02-09-2022
512,512,141,25-04-2021
513,513,238,08-01-2021
514,514,301,22-06-2020
515,515,643,09-03-2022
516,516,308,18-10-2025
517,517,386,16-01-2020
518,518,393,30-04-2023
519,519,80,19-01-2023
520,520,151,19-03-2022
521,521,576,11-04-2025
522,522,333,20-08-2022
523,523,124,17-09-2022
524,524,336,11-01-2022
525,525,597,01-02-2024
526,526,475,01-06-2024
527,527,562,26-05-2022
528,528,338,16-09-2023
529,529,459,29-09-2022
530,530,16,20-09-2025
531,531,520,26-10-2023
532,532,234,25-12-2023
533,533,152,27-06-2021
534,534,321,12-12-2023
535,535,314,12-04-2022
536,536,160,23-11-2023
537,537,576,14-08-2022
538,538,300,18-10-2023
539,539,505,22-03-2025
540,540,357,12-08-2022
541,541,170,26-04-2023
542,542,151,07-06-2025
543,543,76,12-11-2022
544,544,280,05-05-2022
545,545,525,27-02-2022
546,546,152,11-11-2024
547,547,597,19-05-2020
548,548,223,26-01-2023
549,549,312,10-11-2023
550,550,643,01-07-2024
551,551,404,04-02-2021
552,552,17,08-09-2020
553,553,220,14-08-2020
554,554,172,12-02-2025
555,555,173,15-02-2022
556,556,8,18-05-2025
557,557,173,26-07-2025
558,558,299,20-05-2020
559,559,420,13-09-2024
560,560,150,20-06-2022
561,561,576,17-03-2025
562,562,27,28-02-2024
563,563,507,27-06-2021
564,564,260,16-10-2020
565,565,344,19-05-2023
566,566,573,18-12-2024
567,567,164,16-11-2025
568,568,440,19-01-2025
569,569,217,25-01-2020
570,570,155,05-07-2025
571,571,367,20-10-2024
572,572,456,26-01-2024
573,573,282,10-11-2025
574,574,609,30-07-2024
575,575,631,04-08-2025
576,576,45,29-11-2024
577,577,154,24-09-2021
578,578,396,18-12-2025
579,579,627,01-05-2024
580,580,158,26-10-2020
581,581,301,05-03-2024
582,582,512,26-11-2021
583,583,516,24-02-2025
584,584,625,21-04-2023
585,585,221,23-02-2024
586,586,5,05-07-2025
587,587,211,15-07-2023
588,588,566,27-03-2020
589,589,469,11-04-2024
590,590,286,10-09-2020
591,591,451,15-11-2021
592,592,422,11-08-2022
593,593,443,29-12-2023
594,594,45,31-03-2023
595,595,520,11-10-2021
596,596,271,25-05-2023
597,597,421,25-05-2024
598,598,523,27-06-2021
599,599,507,10-11-2022
600,600,134,11-06-2023
601,601,484,20-05-2024
602,602,311,30-12-2021
603,603,362,15-02-2025
604,604,631,20-06-2022
605,605,301,25-02-2021
606,606,584,26-09-2024
607,607,362,12-10-2025
608,608,71,02-11-2023
609,609,346,09-06-2025
610,610,9,18-09-2020
611,611,381,09-02-2024
612,612,241,09-08-2022
613,613,224,09-07-2025
614,614,286,23-10-2024
615,615,586,06-10-2022
616,616,73,08-10-2022
617,617,195,13-04-2021
618,618,572,28-12-2024
619,619,502,06-07-2023
620,620,562,06-09-2022
621,621,155,11-09-2022
622,622,193,15-07-2021
623,623,573,25-09-2025
624,624,130,29-08-2021
625,625,357,01-12-2021
626,626,546,23-02-2025
627,627,344,07-01-2024
628,628,356,16-02-2021
629,629,499,30-04-2020
630,630,160,17-04-2022
631,631,160,21-02-2022
632,632,597,17-02-2021
633,633,618,21-08-2022
634,634,217,29-11-2024
635,635,453,09-06-2020
636,636,241,24-02-2020
637,637,74,12-11-2025
638,638,585,21-09-2025
639,639,152,24-08-2020
640,640,535,02-03-2025
641,641,172,14-01-2021
642,642,170,01-03-2025
643,643,532,02-07-2020
644,644,171,19-04-2022
645,645,301,28-06-2020
646,646,539,04-08-2023
647,647,420,09-08-2020
648,648,503,24-08-2020
649,649,265,25-10-2025
650,650,541,21-04-2023
651,651,574,26-10-2021
652,652,616,16-03-2024
653,653,547,29-08-2022
654,654,271,13-04-2025
655,655,53,04-12-2023
656,656,233,27-12-2021
657,657,123,25-10-2023
658,658,207,30-06-2024
659,659,212,27-06-2020
660,660,172,09-06-2024
661,661,562,20-09-2021
662,662,554,20-09-2023
663,663,452,19-11-2023
664,664,521,29-05-2025
665,665,39,26-03-2021
666,666,574,30-04-2023
667,667,172,16-01-2020
668,668,301,03-06-2025
669,669,286,18-11-2023
670,670,373,29-06-2021
671,671,160,07-02-2024
672,672,278,10-09-2022
673,673,619,28-03-2025
674,674,116,12-09-2022
675,675,640,24-03-2024
676,676,325,19-03-2024
677,677,572,15-02-2022
678,678,361,17-10-2022
679,679,318,04-07-2020
680,680,108,24-05-2024
681,681,200,09-01-2023
682,682,45,15-06-2023
683,683,266,25-09-2021
684,684,647,17-01-2020
685,685,118,13-07-2020
686,686,400,08-08-2021
687,687,480,27-02-2025
688,688,426,09-05-2020
689,689,295,16-03-2024
690,690,81,11-12-2024
691,691,630,25-03-2021
692,692,352,25-08-2023
693,693,172,15-10-2022
694,694,320,06-06-2024
695,695,154,01-08-2020
696,696,318,13-03-2024
697,697,282,28-05-2022
698,698,75,07-08-2024
699,699,624,17-08-2022
700,700,160,07-03-2023
701,701,505,06-06-2025
702,702,282,05-09-2023
703,703,239,14-06-2023
704,704,159,08-11-2025
705,705,330,03-11-2024
706,706,58,08-03-2022
707,707,516,14-03-2022
708,708,344,29-09-2020
709,709,449,08-10-2020
710,710,55,12-06-2024
711,711,121,07-03-2022
712,712,472,30-03-2023
713,713,563,21-06-2023
714,714,155,26-05-2022
715,715,217,23-05-2022
716,716,206,13-12-2021
717,717,472,11-12-2024
718,718,502,15-11-2025
719,719,15,13-03-2021
720,720,184,30-06-2025
721,721,516,29-08-2020
722,722,359,11-11-2022
723,723,311,28-08-2021
724,724,612,30-05-2020
725,725,597,20-05-2020
726,726,645,08-07-2024
727,727,411,09-12-2021
728,728,289,08-01-2023
729,729,42,03-08-2022
730,730,574,30-05-2021
731,731,178,02-09-2024
732,732,152,04-09-2022
733,733,622,07-02-2021
734,734,575,05-05-2022
735,735,227,16-07-2021
736,736,649,31-07-2020
737,737,492,10-01-2021
738,738,424,07-12-2022
739,739,42,16-08-2022
740,740,160,02-04-2021
741,741,519,15-06-2022
742,742,152,10-06-2021
743,743,631,15-04-2022
744,744,160,09-04-2022
745,745,308,09-06-2025
746,746,631,31-05-2025
747,747,188,19-08-2025
748,748,315,23-04-2023
749,749,301,11-09-2021
750,750,597,22-06-2021
751,751,64,13-08-2024
752,752,154,12-03-2023
753,753,205,05-04-2023
754,754,615,19-09-2023
755,755,154,19-11-2025
756,756,474,01-07-2020
757,757,116,06-09-2025
758,758,301,27-12-2021
759,759,123,02-06-2023
760,760,39,03-11-2023
761,761,114,10-06-2024
762,762,160,23-11-2023
763,763,61,28-09-2022
764,764,94,18-02-2020
765,765,8,18-06-2025
766,766,172,04-05-2022
767,767,143,17-09-2021
768,768,330,21-08-2020
769,769,573,27-12-2024
770,770,511,14-12-2024
771,771,154,07-02-2025
772,772,496,14-12-2023
773,773,573,21-07-2023
774,774,426,26-11-2023
775,775,541,26-10-2025
776,776,160,01-05-2023
777,777,374,23-01-2022
778,778,507,06-10-2024
779,779,519,25-12-2024
780,780,383,16-02-2025
781,781,173,08-03-2023
782,782,414,13-09-2020
783,783,39,25-08-2022
784,784,404,23-11-2021
785,785,164,23-05-2024
786,786,522,26-09-2023
787,787,597,05-07-2022
788,788,25,06-09-2023
789,789,625,23-05-2023
790,790,501,21-01-2025
791,791,170,05-10-2020
792,792,603,20-11-2025
793,793,151,21-11-2023
794,794,30,18-12-2023
795,795,480,04-05-2021
796,796,252,07-11-2023
797,797,414,20-12-2025
798,798,400,09-04-2024
799,799,64,26-01-2022
800,800,304,29-01-2021
801,801,472,23-08-2021
802,802,56,06-05-2025
803,803,152,17-09-2023
804,804,492,02-09-2025
805,805,172,09-06-2025
806,806,561,19-01-2025
807,807,549,05-04-2021
808,808,617,10-07-2024
809,809,115,19-10-2023
810,810,115,24-06-2020
811,811,483,18-01-2024
812,812,549,02-12-2025
813,813,170,08-06-2025
814,814,25,17-09-2025
815,815,458,05-05-2021
816,816,350,28-01-2023
817,817,505,21-02-2024
818,818,234,07-12-2023
819,819,91,07-07-2023
820,820,517,12-07-2023
821,821,152,17-12-2022
822,822,122,06-03-2024
823,823,584,23-06-2023
824,824,251,07-10-2024
825,825,465,28-05-2020
826,826,425,23-10-2024
827,827,153,30-04-2024
828,828,356,07-11-2020
829,829,396,11-05-2020
830,830,141,21-09-2024
831,831,178,05-02-2020
832,832,362,15-05-2021
833,833,196,28-05-2022
834,834,461,02-08-2023
835,835,49,25-04-2022
836,836,545,01-05-2025
837,837,116,04-04-2025
838,838,301,10-03-2023
839,839,425,19-04-2021
840,840,418,05-10-2021
841,841,301,07-10-2022
842,842,645,23-04-2025
843,843,544,07-10-2023
844,844,362,17-05-2020
845,845,512,15-10-2025
846,846,333,09-06-2025
847,847,373,04-09-2020
848,848,96,14-12-2024
849,849,196,18-03-2023
850,850,572,30-12-2024
851,851,403,27-09-2025
852,852,615,16-11-2023
853,853,511,20-05-2020
854,854,346,26-11-2022
855,855,139,30-12-2022
856,856,266,04-12-2024
857,857,652,19-02-2023
858,858,45,28-12-2024
859,859,35,18-04-2020
860,860,556,01-12-2023
861,861,42,24-05-2024
862,862,362,30-07-2025
863,863,151,29-03-2023
864,864,177,20-11-2022
865,865,557,13-07-2024
866,866,426,06-07-2025
867,867,378,14-07-2020
868,868,623,24-07-2024
869,869,192,16-04-2020
870,870,603,27-02-2022
871,871,624,16-11-2024
872,872,236,08-05-2022
873,873,289,24-06-2022
874,874,613,01-03-2025
875,875,562,17-07-2024
876,876,597,13-04-2021
877,877,111,02-01-2025
878,878,572,14-03-2025
879,879,560,05-11-2020
880,880,150,24-12-2025
881,881,304,13-11-2024
882,882,50,14-06-2022
883,883,100,23-11-2023
884,884,154,17-08-2024
885,885,160,25-09-2021
886,886,282,30-10-2023
887,887,523,23-03-2021
888,888,269,17-08-2021
889,889,2,22-10-2025
890,890,53,19-04-2020
891,891,451,07-09-2021
892,892,201,18-12-2024
893,893,575,12-04-2024
894,894,119,13-03-2020
895,895,547,04-07-2022
896,896,104,20-09-2020
897,897,653,08-09-2025
898,898,143,18-09-2021
899,899,19,02-11-2020
900,900,56,20-03-2024
901,901,562,15-09-2020
902,902,537,04-06-2021
903,903,264,20-10-2023
904,904,449,11-03-2023
905,905,278,10-03-2025
906,906,195,11-01-2020
907,907,193,24-01-2024
908,908,560,04-01-2025
909,909,10,18-12-2021
910,910,372,14-07-2021
911,911,164,02-07-2024
912,912,200,04-05-2024
913,913,516,03-12-2022
914,914,526,19-10-2022
915,915,283,27-03-2024
916,916,576,10-02-2021
917,917,162,30-08-2020
918,918,16,25-04-2021
919,919,318,30-09-2021
920,920,287,26-06-2020
921,921,576,07-08-2024
922,922,19,29-05-2021
923,923,597,09-11-2021
924,924,121,24-08-2021
925,925,267,29-08-2020
926,926,72,05-12-2022
927,927,452,19-11-2023
928,928,492,27-10-2025
929,929,38,10-12-2022
930,930,593,25-08-2020
931,931,278,09-11-2025
932,932,307,10-04-2023
933,933,36,10-10-2025
934,934,443,09-05-2023
935,935,487,14-08-2023
936,936,519,15-12-2025
937,937,152,15-05-2025
938,938,346,27-11-2020
939,939,546,02-09-2024
940,940,443,04-05-2021
941,941,553,27-10-2024
942,942,520,03-03-2021
943,943,191,04-06-2023
944,944,172,11-07-2022
945,945,597,12-10-2021
946,946,192,03-10-2021
947,947,97,11-09-2021
948,948,45,17-12-2020
949,949,345,12-09-2025
950,950,527,02-09-2025
951,951,449,04-11-2020
952,952,141,01-12-2022
953,953,22,17-10-2024
954,954,337,25-10-2021
955,955,502,31-03-2020
956,956,466,13-01-2023
957,957,638,14-05-2020
958,958,233,20-07-2025
959,959,498,06-06-2025
960,960,573,04-12-2025
961,961,211,06-08-2023
962,962,631,08-07-2024
963,963,48,28-07-2024
964,964,643,25-04-2020
965,965,139,11-12-2024
966,966,99,14-03-2020
967,967,160,10-03-2021
968,968,652,03-08-2024
969,969,266,04-07-2024
970,970,39,16-10-2020
971,971,659,22-08-2025
972,972,321,09-01-2024
973,973,39,07-11-2024
974,974,160,22-03-2023
975,975,478,14-05-2020
976,976,345,20-09-2022
977,977,542,02-07-2023
978,978,114,23-09-2023
979,979,412,27-08-2021
980,980,520,30-06-2024
981,981,170,09-12-2023
982,982,123,29-08-2020
983,983,453,20-03-2021
984,984,489,16-07-2020
985,985,514,12-11-2021
986,986,45,13-08-2022
987,987,34,05-06-2021
988,988,536,30-03-2022
989,989,383,15-03-2023
990,990,189,09-01-2024
991,991,216,10-11-2025
992,992,519,19-07-2024
993,993,406,28-11-2025
994,994,371,15-01-2020
995,995,254,18-02-2025
996,996,520,17-11-2020
997,997,362,11-07-2023
998,998,27,25-02-2020
999,999,282,07-11-2021
1000,1000,436,03-06-2024
1001,1001,342,03-11-2022
1002,1002,648,31-01-2024
1003,1003,589,17-12-2021
1004,1004,648,14-04-2025
1005,1005,436,23-08-2024
1006,1006,368,09-02-2022
1007,1007,648,22-08-2022
1008,1008,306,27-08-2020
1009,1009,592,20-12-2022
1010,1010,436,23-01-2022
1011,1011,646,31-07-2023
1012,1012,493,05-01-2025
1013,1013,589,26-10-2023
1014,1014,342,23-03-2020
1015,1015,436,18-08-2023
1016,1016,342,31-12-2023
1017,1017,306,23-02-2024
1018,1018,342,10-11-2020
1019,1019,493,17-03-2024
1020,1020,648,18-09-2024
1021,1021,493,08-06-2020
1022,1022,518,24-07-2024
1023,1023,306,11-04-2024
1024,1024,592,15-09-2024
1025,1025,436,23-05-2025
1026,1026,306,17-06-2025
1027,1027,592,11-03-2024
1028,1028,306,01-03-2025
1029,1029,493,11-05-2020
1030,1030,436,08-03-2020
1031,1031,589,21-10-2020
1032,1032,306,16-02-2022
1033,1033,592,10-09-2024
1034,1034,436,22-01-2022
1035,1035,436,10-09-2022
1036,1036,342,03-10-2023
1037,1037,436,28-08-2021
1038,1038,646,30-11-2023
1039,1039,368,25-07-2023
1040,1040,592,09-11-2022
1041,1041,518,10-07-2025
1042,1042,518,07-09-2023
1043,1043,648,06-11-2022
1044,1044,518,24-04-2022
1045,1045,518,23-06-2025
1046,1046,342,11-07-2021
1047,1047,646,16-01-2021
1048,1048,646,08-11-2021
1049,1049,648,29-05-2025
1050,1050,342,28-07-2022
1051,1051,342,18-09-2021
1052,1052,589,03-07-2022
1053,1053,436,03-05-2020
1054,1054,368,03-01-2025
1055,1055,646,26-03-2022
1056,1056,342,28-03-2021
1057,1057,306,10-09-2022
1058,1058,493,26-10-2023
1059,1059,368,04-03-2023
1060,1060,518,27-02-2023
1061,1061,306,22-05-2020
1062,1062,648,28-07-2024
1063,1063,368,03-12-2020
1064,1064,342,22-06-2020
1065,1065,306,12-11-2020
1066,1066,589,28-03-2021
1067,1067,518,13-06-2025
1068,1068,518,02-02-2023
1069,1069,592,18-12-2025
1070,1070,648,20-11-2020
1071,1071,493,10-01-2024
1072,1072,306,26-02-2025
1073,1073,436,05-10-2023
1074,1074,589,03-10-2025
1075,1075,342,03-06-2022
1076,1076,592,11-02-2020
1077,1077,589,11-11-2023
1078,1078,589,30-06-2020
1079,1079,646,26-08-2021
1080,1080,592,05-01-2022
1081,1081,646,11-08-2022
1082,1082,368,25-02-2022
1083,1083,493,20-08-2021
1084,1084,493,23-12-2022
1085,1085,493,01-08-2022
1086,1086,493,31-03-2022
1087,1087,589,28-06-2022
1088,1088,646,25-09-2025
1089,1089,306,04-03-2024
1090,1090,589,01-12-2021
1091,1091,592,20-12-2021
1092,1092,493,02-07-2020
1093,1093,306,08-08-2025
1094,1094,518,29-05-2020
1095,1095,589,04-07-2020
1096,1096,518,09-12-2025
1097,1097,493,15-12-2022
1098,1098,368,07-05-2022
1099,1099,646,02-03-2025
1100,1100,462,11-10-2023
1101,1101,416,04-12-2022
1102,1102,375,13-06-2022
1103,1103,455,20-09-2021
1104,1104,446,17-03-2021
1105,1105,437,23-07-2023
1106,1106,382,28-06-2024
1107,1107,416,22-10-2020
1108,1108,416,19-06-2021
1109,1109,445,07-10-2020
1110,1110,382,22-04-2024
1111,1111,376,07-12-2020
1112,1112,430,04-03-2021
1113,1113,482,13-06-2023
1114,1114,434,10-09-2023
1115,1115,376,01-06-2024
1116,1116,476,12-08-2023
1117,1117,433,12-04-2022
1118,1118,482,07-04-2022
1119,1119,434,19-12-2024
1120,1120,434,21-05-2022
1121,1121,377,29-02-2024
1122,1122,430,21-04-2024
1123,1123,433,22-05-2024
1124,1124,380,02-07-2024
1125,1125,434,23-08-2024
1126,1126,445,12-07-2020
1127,1127,387,19-10-2022
1128,1128,377,15-02-2024
1129,1129,430,17-04-2024
1130,1130,375,09-10-2022
1131,1131,387,26-06-2024
1132,1132,446,13-07-2022
1133,1133,416,25-09-2022
1134,1134,376,27-02-2022
1135,1135,375,21-09-2021
1136,1136,389,18-11-2025
1137,1137,375,01-12-2022
1138,1138,445,05-08-2021
1139,1139,437,19-11-2021
1140,1140,482,18-10-2023
1141,1141,430,17-05-2021
1142,1142,455,09-02-2022
1143,1143,377,08-01-2024
1144,1144,446,17-07-2023
1145,1145,455,16-03-2020
1146,1146,437,09-03-2023
1147,1147,446,24-09-2024
1148,1148,382,28-12-2021
1149,1149,446,12-01-2024
1150,1150,377,26-04-2020
1151,1151,375,20-10-2025
1152,1152,476,09-10-2021
1153,1153,446,14-05-2020
1154,1154,476,13-03-2022
1155,1155,482,01-02-2025
1156,1156,455,14-03-2020
1157,1157,380,28-06-2022
1158,1158,433,02-04-2023
1159,1159,380,09-01-2023
1160,1160,382,22-01-2021
1161,1161,445,13-05-2024
1162,1162,389,07-12-2024
1163,1163,437,12-03-2023
1164,1164,375,04-05-2020
1165,1165,416,03-11-2023
1166,1166,387,18-03-2021
1167,1167,389,06-08-2022
1168,1168,476,09-10-2020
1169,1169,476,07-09-2020
1170,1170,462,06-01-2024
1171,1171,375,02-12-2020
1172,1172,437,18-09-2025
1173,1173,446,23-08-2021
1174,1174,437,30-12-2020
1175,1175,387,20-09-2024
1176,1176,462,01-02-2025
1177,1177,387,05-09-2021
1178,1178,434,09-07-2024
1179,1179,445,11-11-2022
1180,1180,445,10-08-2022
1181,1181,382,26-02-2020
1182,1182,434,07-01-2021
1183,1183,389,05-05-2023
1184,1184,377,05-01-2024
1185,1185,380,18-11-2021
1186,1186,377,01-05-2022
1187,1187,377,18-10-2022
1188,1188,382,14-12-2021
1189,1189,445,21-03-2022
1190,1190,462,14-03-2024
1191,1191,434,24-10-2024
1192,1192,389,17-10-2021
1193,1193,430,05-01-2025
1194,1194,445,26-10-2023
1195,1195,430,28-06-2024
1196,1196,462,15-04-2022
1197,1197,437,08-02-2021
1198,1198,482,16-04-2022
1199,1199,446,24-07-2025
1200,1200,136,18-11-2024
1201,1201,290,29-03-2023
1202,1202,183,23-04-2020
1203,1203,145,14-04-2021
1204,1204,290,03-08-2025
1205,1205,255,24-10-2024
1206,1206,145,25-07-2020
1207,1207,290,24-09-2021
1208,1208,290,19-09-2022
1209,1209,145,10-11-2024
1210,1210,293,18-03-2025
1211,1211,183,20-07-2023
1212,1212,145,12-07-2021
1213,1213,106,19-11-2021
1214,1214,106,03-05-2025
1215,1215,277,17-10-2022
1216,1216,140,07-02-2024
1217,1217,148,22-06-2024
1218,1218,145,10-11-2023
1219,1219,183,28-10-2022
1220,1220,183,02-11-2020
1221,1221,255,02-11-2023
1222,1222,148,27-04-2021
1223,1223,51,13-10-2024
1224,1224,148,25-10-2020
1225,1225,145,29-10-2024
1226,1226,277,28-03-2022
1227,1227,290,26-09-2023
1228,1228,145,13-02-2021
1229,1229,290,12-09-2023
1230,1230,255,13-07-2020
1231,1231,106,06-01-2024
1232,1232,290,06-04-2021
1233,1233,136,16-01-2025
1234,1234,277,13-01-2022
1235,1235,106,11-07-2021
1236,1236,145,27-04-2021
1237,1237,183,11-04-2022
1238,1238,51,18-05-2021
1239,1239,51,18-09-2020
1240,1240,293,07-05-2025
1241,1241,290,16-09-2023
1242,1242,106,09-04-2024
1243,1243,51,24-03-2021
1244,1244,140,22-11-2022
1245,1245,136,19-06-2024
1246,1246,277,15-04-2020
1247,1247,255,21-10-2023
1248,1248,51,17-11-2020
1249,1249,106,26-10-2022
1250,1250,51,08-12-2023
1251,1251,290,21-04-2021
1252,1252,106,17-01-2024
1253,1253,183,18-06-2024
1254,1254,293,16-06-2024
1255,1255,277,08-12-2020
1256,1256,106,04-04-2023
1257,1257,290,09-12-2024
1258,1258,51,03-03-2024
1259,1259,145,15-10-2023
1260,1260,51,24-02-2021
1261,1261,51,22-08-2021
1262,1262,145,03-01-2024
1263,1263,277,06-11-2023
1264,1264,136,06-12-2025
1265,1265,293,12-04-2023
1266,1266,106,05-02-2021
1267,1267,277,08-10-2025
1268,1268,148,05-05-2024
1269,1269,145,24-11-2020
1270,1270,140,08-02-2021
1271,1271,136,31-08-2025
1272,1272,290,11-02-2020
1273,1273,136,20-04-2024
1274,1274,183,15-11-2020
1275,1275,140,21-03-2020
1276,1276,145,19-08-2025
1277,1277,183,22-04-2022
1278,1278,136,20-08-2022
1279,1279,183,08-08-2021
1280,1280,140,26-01-2024
1281,1281,145,20-06-2020
1282,1282,51,20-11-2025
1283,1283,140,23-04-2024
1284,1284,51,11-07-2021
1285,1285,145,26-06-2020
1286,1286,255,24-07-2021
1287,1287,290,17-12-2023
1288,1288,255,07-04-2020
1289,1289,145,26-01-2020
1290,1290,183,16-01-2021
1291,1291,106,26-08-2023
1292,1292,183,17-02-2020
1293,1293,255,22-08-2024
1294,1294,255,28-04-2025
1295,1295,293,06-07-2022
1296,1296,293,19-03-2021
1297,1297,255,06-10-2024
1298,1298,290,24-01-2025
1299,1299,255,21-10-2025
1300,1300,255,26-06-2024
1301,1301,323,26-02-2025
1302,1302,397,01-02-2023
1303,1303,600,13-11-2024
1304,1304,598,20-04-2024
1305,1305,598,11-11-2023
1306,1306,397,05-11-2020
1307,1307,595,20-04-2025
1308,1308,595,07-12-2023
1309,1309,397,19-11-2025
1310,1310,600,17-02-2021
1311,1311,401,17-02-2020
1312,1312,598,30-12-2025
1313,1313,395,26-01-2022
1314,1314,650,22-10-2022
1315,1315,599,29-08-2021
1316,1316,163,23-04-2023
1317,1317,602,06-05-2024
1318,1318,395,07-12-2024
1319,1319,397,05-10-2024
1320,1320,650,21-04-2022
1321,1321,569,16-08-2022
1322,1322,163,03-10-2024
1323,1323,395,17-02-2023
1324,1324,599,03-02-2021
1325,1325,398,03-05-2023
1326,1326,331,28-06-2024
1327,1327,598,23-11-2021
1328,1328,398,21-02-2024
1329,1329,598,27-11-2021
1330,1330,305,01-03-2020
1331,1331,323,09-08-2023
1332,1332,599,24-05-2021
1333,1333,331,28-01-2023
1334,1334,595,12-04-2021
1335,1335,599,14-02-2021
1336,1336,398,21-03-2024
1337,1337,163,15-04-2021
1338,1338,397,28-12-2025
1339,1339,163,12-08-2022
1340,1340,395,05-02-2024
1341,1341,599,13-01-2021
1342,1342,650,15-02-2025
1343,1343,602,23-12-2021
1344,1344,600,05-08-2025
1345,1345,331,03-12-2024
1346,1346,305,17-03-2021
1347,1347,331,02-06-2024
1348,1348,31,18-05-2020
1349,1349,397,16-02-2023
1350,1350,397,09-06-2020
1351,1351,305,12-03-2023
1352,1352,569,15-10-2025
1353,1353,398,25-07-2025
1354,1354,397,03-10-2023
1355,1355,650,28-04-2024
1356,1356,327,04-08-2022
1357,1357,323,24-07-2025
1358,1358,595,21-08-2022
1359,1359,577,07-04-2023
1360,1360,398,15-09-2025
1361,1361,600,10-12-2022
1362,1362,331,18-02-2025
1363,1363,650,06-06-2025
1364,1364,598,11-11-2022
1365,1365,595,20-12-2021
1366,1366,163,03-11-2020
1367,1367,331,21-05-2024
1368,1368,327,20-12-2021
1369,1369,595,19-11-2022
1370,1370,397,25-03-2025
1371,1371,596,03-03-2021
1372,1372,569,15-10-2022
1373,1373,31,10-05-2025
1374,1374,577,12-10-2024
1375,1375,323,06-05-2022
1376,1376,323,21-01-2023
1377,1377,599,22-11-2021
1378,1378,31,03-12-2024
1379,1379,305,01-07-2023
1380,1380,395,22-12-2024
1381,1381,305,04-08-2021
1382,1382,331,16-07-2024
1383,1383,595,12-09-2020
1384,1384,650,05-05-2022
1385,1385,401,11-10-2024
1386,1386,569,01-08-2023
1387,1387,602,31-03-2021
1388,1388,163,10-02-2024
1389,1389,650,18-01-2020
1390,1390,398,25-10-2023
1391,1391,596,12-04-2020
1392,1392,163,10-07-2021
1393,1393,331,24-03-2021
1394,1394,395,21-03-2023
1395,1395,600,12-09-2022
1396,1396,395,03-01-2025
1397,1397,569,07-05-2024
1398,1398,397,05-05-2023
1399,1399,324,09-12-2020
1400,1400,423,05-02-2023
1401,1401,52,26-01-2024
1402,1402,355,18-12-2025
1403,1403,591,31-03-2020
1404,1404,641,01-06-2023
1405,1405,89,13-08-2020
1406,1406,608,06-01-2024
1407,1407,313,20-12-2020
1408,1408,18,07-09-2023
1409,1409,431,21-09-2020
1410,1410,632,22-01-2021
1411,1411,608,29-03-2024
1412,1412,413,25-07-2022
1413,1413,441,15-03-2023
1414,1414,310,30-12-2022
1415,1415,109,31-08-2022
1416,1416,83,15-08-2023
1417,1417,423,21-11-2022
1418,1418,347,08-07-2024
1419,1419,296,22-11-2022
1420,1420,413,24-08-2024
1421,1421,313,14-12-2025
1422,1422,82,12-09-2023
1423,1423,324,08-12-2023
1424,1424,578,19-03-2022
1425,1425,441,05-10-2021
1426,1426,256,18-04-2022
1427,1427,620,12-10-2022
1428,1428,79,02-08-2024
1429,1429,471,03-03-2022
1430,1430,59,11-04-2020
1431,1431,608,31-07-2023
1432,1432,316,18-04-2025
1433,1433,232,23-04-2023
1434,1434,82,22-11-2022
1435,1435,348,26-11-2023
1436,1436,316,08-05-2021
1437,1437,620,31-08-2024
1438,1438,199,30-06-2025
1439,1439,256,07-04-2023
1440,1440,578,09-01-2025
1441,1441,335,24-03-2022
1442,1442,608,31-07-2023
1443,1443,413,13-12-2025
1444,1444,423,27-06-2023
1445,1445,52,15-08-2024
1446,1446,355,26-07-2023
1447,1447,199,17-06-2020
1448,1448,18,09-10-2024
1449,1449,591,31-10-2021
1450,1450,24,18-06-2024
1451,1451,322,24-02-2020
1452,1452,82,17-11-2024
1453,1453,471,30-01-2025
1454,1454,316,24-01-2023
1455,1455,83,03-05-2021
1456,1456,620,17-09-2023
1457,1457,230,26-09-2022
1458,1458,230,31-07-2025
1459,1459,179,07-06-2024
1460,1460,79,05-04-2021
1461,1461,179,23-06-2021
1462,1462,296,04-09-2024
1463,1463,413,03-05-2024
1464,1464,179,08-12-2022
1465,1465,641,16-02-2020
1466,1466,190,07-06-2022
1467,1467,310,09-12-2023
1468,1468,428,30-10-2024
1469,1469,578,18-12-2022
1470,1470,348,26-02-2021
1471,1471,230,09-06-2023
1472,1472,428,14-09-2021
1473,1473,347,17-02-2024
1474,1474,347,25-02-2024
1475,1475,591,14-05-2024
1476,1476,230,23-09-2021
1477,1477,423,28-11-2022
1478,1478,230,17-12-2020
1479,1479,608,18-06-2023
1480,1480,313,24-11-2025
1481,1481,310,12-07-2020
1482,1482,578,06-12-2022
1483,1483,109,21-01-2022
1484,1484,190,10-03-2024
1485,1485,310,04-11-2022
1486,1486,83,19-07-2023
1487,1487,578,22-10-2022
1488,1488,441,03-03-2023
1489,1489,230,10-10-2020
1490,1490,310,14-10-2022
1491,1491,82,07-03-2025
1492,1492,199,11-08-2023
1493,1493,471,09-03-2024
1494,1494,471,03-04-2022
1495,1495,578,09-12-2021
1496,1496,322,06-05-2021
1497,1497,413,13-11-2020
1498,1498,316,28-10-2024
1499,1499,176,01-08-2023
1500,1500,24,13-09-2023
1501,1501,39,14-12-2021
1502,1502,601,26-08-2024
1503,1503,50,07-09-2020
1504,1504,647,02-09-2024
1505,1505,66,08-03-2024
1506,1506,182,05-12-2023
1507,1507,297,06-09-2023
1508,1508,498,21-07-2024
1509,1509,537,25-11-2020
1510,1510,424,27-11-2023
1511,1511,560,29-10-2021
1512,1512,103,16-12-2022
1513,1513,328,17-09-2023
1514,1514,164,20-01-2023
1515,1515,444,12-07-2024
1516,1516,576,28-09-2021
1517,1517,250,29-03-2025
1518,1518,418,29-11-2023
1519,1519,219,08-08-2025
1520,1520,172,23-06-2020
1521,1521,320,09-01-2024
1522,1522,439,20-08-2020
1523,1523,160,08-09-2025
1524,1524,337,06-01-2025
1525,1525,597,19-12-2020
1526,1526,170,29-08-2022
1527,1527,575,19-01-2022
1528,1528,71,14-06-2020
1529,1529,489,06-05-2020
1530,1530,241,23-10-2021
1531,1531,617,01-02-2022
1532,1532,576,16-04-2025
1533,1533,625,08-12-2025
1534,1534,268,11-05-2024
1535,1535,372,23-11-2025
1536,1536,39,24-09-2020
1537,1537,504,22-12-2022
1538,1538,152,18-03-2023
1539,1539,16,19-11-2021
1540,1540,536,26-07-2020
1541,1541,152,30-04-2020
1542,1542,172,02-04-2025
1543,1543,525,02-11-2024
1544,1544,551,29-05-2023
1545,1545,64,29-12-2022
1546,1546,177,17-01-2025
1547,1547,32,25-03-2025
1548,1548,27,16-12-2023
1549,1549,272,15-11-2020
1550,1550,301,18-01-2024
1551,1551,50,19-04-2025
1552,1552,282,12-12-2024
1553,1553,285,07-08-2020
1554,1554,144,29-04-2023
1555,1555,320,01-04-2023
1556,1556,554,12-07-2023
1557,1557,168,04-01-2023
1558,1558,359,18-10-2024
1559,1559,57,04-02-2021
1560,1560,213,27-01-2022
1561,1561,152,03-10-2025
1562,1562,34,17-04-2023
1563,1563,533,30-03-2023
1564,1564,8,11-07-2021
1565,1565,235,02-05-2021
1566,1566,217,18-11-2023
1567,1567,279,15-09-2025
1568,1568,336,04-04-2022
1569,1569,572,02-06-2020
1570,1570,164,06-01-2021
1571,1571,97,02-09-2022
1572,1572,96,30-11-2025
1573,1573,215,28-05-2022
1574,1574,572,01-08-2024
1575,1575,614,02-03-2024
1576,1576,27,27-09-2024
1577,1577,286,07-01-2022
1578,1578,91,02-11-2021
1579,1579,10,28-02-2021
1580,1580,597,19-08-2020
1581,1581,502,09-11-2021
1582,1582,584,31-12-2020
1583,1583,299,19-01-2023
1584,1584,568,21-04-2021
1585,1585,314,22-06-2024
1586,1586,93,09-12-2020
1587,1587,281,23-02-2025
1588,1588,613,12-09-2024
1589,1589,631,19-12-2023
1590,1590,501,23-01-2023
1591,1591,301,20-01-2024
1592,1592,597,06-11-2023
1593,1593,69,06-01-2021
1594,1594,188,13-12-2020
1595,1595,39,09-09-2025
1596,1596,284,09-01-2020
1597,1597,15,26-05-2020
1598,1598,115,02-03-2025
1599,1599,585,05-09-2021
1600,1600,572,22-08-2021
1601,1601,74,19-12-2021
1602,1602,516,11-08-2025
1603,1603,211,28-09-2024
1604,1604,464,21-03-2020
1605,1605,172,06-03-2021
1606,1606,513,23-12-2024
1607,1607,361,18-10-2020
1608,1608,300,18-04-2025
1609,1609,343,27-05-2020
1610,1610,294,26-11-2024
1611,1611,279,28-12-2023
1612,1612,409,08-11-2022
1613,1613,280,23-07-2022
1614,1614,573,03-02-2023
1615,1615,85,17-04-2024
1616,1616,642,12-03-2020
1617,1617,125,12-02-2020
1618,1618,550,24-11-2023
1619,1619,319,07-04-2022
1620,1620,154,11-01-2023
1621,1621,561,02-05-2025
1622,1622,469,31-05-2023
1623,1623,531,08-02-2025
1624,1624,495,07-06-2022
1625,1625,414,11-10-2024
1626,1626,561,28-09-2025
1627,1627,254,04-11-2022
1628,1628,458,24-08-2020
1629,1629,543,11-10-2022
1630,1630,484,14-07-2025
1631,1631,12,29-01-2024
1632,1632,152,25-02-2020
1633,1633,556,08-08-2020
1634,1634,193,03-01-2025
1635,1635,414,14-05-2023
1636,1636,54,23-09-2022
1637,1637,617,02-11-2024
1638,1638,147,09-12-2022
1639,1639,507,28-01-2025
1640,1640,291,07-03-2020
1641,1641,301,07-08-2020
1642,1642,562,13-09-2022
1643,1643,113,25-06-2021
1644,1644,103,31-03-2020
1645,1645,424,31-12-2020
1646,1646,302,28-07-2023
1647,1647,490,12-11-2024
1648,1648,157,22-11-2023
1649,1649,7,29-12-2020
1650,1650,560,04-02-2025
1651,1651,339,06-07-2025
1652,1652,642,06-08-2023
1653,1653,597,26-05-2023
1654,1654,573,28-04-2025
1655,1655,33,03-06-2023
1656,1656,217,31-05-2020
1657,1657,516,23-11-2023
1658,1658,607,14-02-2025
1659,1659,631,11-10-2020
1660,1660,511,30-07-2024
1661,1661,81,05-03-2025
1662,1662,465,24-04-2022
1663,1663,631,10-01-2022
1664,1664,152,22-11-2024
1665,1665,70,15-11-2022
1666,1666,233,11-03-2025
1667,1667,546,27-08-2020
1668,1668,572,14-06-2021
1669,1669,404,25-05-2023
1670,1670,205,26-04-2021
1671,1671,597,25-04-2022
1672,1672,187,15-06-2024
1673,1673,572,16-07-2024
1674,1674,39,26-01-2021
1675,1675,603,15-12-2023
1676,1676,572,06-07-2024
1677,1677,246,15-03-2024
1678,1678,350,02-08-2021
1679,1679,172,02-03-2021
1680,1680,336,28-02-2024
1681,1681,486,28-02-2020
1682,1682,172,04-02-2024
1683,1683,27,10-11-2025
1684,1684,353,04-04-2024
1685,1685,332,11-10-2024
1686,1686,276,05-07-2020
1687,1687,546,09-08-2022
1688,1688,630,06-03-2023
1689,1689,160,19-02-2020
1690,1690,78,23-12-2025
1691,1691,12,06-11-2021
1692,1692,252,13-11-2022
1693,1693,332,06-12-2025
1694,1694,184,08-05-2021
1695,1695,213,07-05-2022
1696,1696,474,02-06-2021
1697,1697,362,12-11-2025
1698,1698,273,19-02-2020
1699,1699,254,08-12-2022
1700,1700,236,29-01-2022
1701,1701,253,16-01-2020
1702,1702,298,22-03-2020
1703,1703,301,08-03-2020
1704,1704,173,11-04-2021
1705,1705,252,19-11-2020
1706,1706,218,01-03-2020
1707,1707,46,22-10-2023
1708,1708,541,05-07-2024
1709,1709,624,10-05-2022
1710,1710,38,15-04-2024
1711,1711,38,06-04-2021
1712,1712,191,20-04-2022
1713,1713,298,01-10-2025
1714,1714,181,22-09-2020
1715,1715,627,09-08-2025
1716,1716,552,23-09-2021
1717,1717,81,20-09-2023
1718,1718,519,26-04-2023
1719,1719,496,16-11-2020
1720,1720,432,07-04-2023
1721,1721,606,10-05-2021
1722,1722,572,22-07-2020
1723,1723,631,14-12-2022
1724,1724,449,24-06-2023
1725,1725,166,22-08-2021
1726,1726,393,02-04-2024
1727,1727,456,17-01-2025
1728,1728,318,15-06-2023
1729,1729,534,29-03-2020
1730,1730,585,06-04-2021
1731,1731,492,01-01-2024
1732,1732,240,22-10-2023
1733,1733,170,07-12-2022
1734,1734,74,26-03-2021
1735,1735,554,21-12-2023
1736,1736,8,05-03-2024
1737,1737,45,25-06-2021
1738,1738,362,22-01-2025
1739,1739,265,13-05-2022
1740,1740,160,29-03-2025
1741,1741,584,14-10-2020
1742,1742,657,25-07-2020
1743,1743,166,08-10-2025
1744,1744,426,24-04-2024
1745,1745,318,18-11-2021
1746,1746,486,28-04-2020
1747,1747,495,18-04-2023
1748,1748,517,30-03-2024
1749,1749,67,17-12-2022
1750,1750,555,27-03-2021
1751,1751,516,25-05-2020
1752,1752,2,26-06-2025
1753,1753,86,24-11-2022
1754,1754,424,27-10-2024
1755,1755,645,18-03-2021
1756,1756,576,02-11-2021
1757,1757,631,29-03-2024
1758,1758,219,11-11-2024
1759,1759,385,08-11-2023
1760,1760,146,26-05-2021
1761,1761,139,13-12-2024
1762,1762,301,22-04-2020
1763,1763,29,05-10-2021
1764,1764,95,16-08-2023
1765,1765,321,16-05-2025
1766,1766,17,10-01-2023
1767,1767,39,14-12-2020
1768,1768,178,14-01-2024
1769,1769,366,09-01-2020
1770,1770,46,30-06-2023
1771,1771,134,12-08-2023
1772,1772,35,14-11-2025
1773,1773,220,28-08-2022
1774,1774,510,11-09-2025
1775,1775,452,19-05-2024
1776,1776,152,01-10-2022
1777,1777,406,25-08-2024
1778,1778,137,05-09-2022
1779,1779,429,20-05-2024
1780,1780,558,21-09-2025
1781,1781,170,17-04-2021
1782,1782,160,03-08-2020
1783,1783,284,19-01-2020
1784,1784,519,16-11-2022
1785,1785,574,09-05-2024
1786,1786,586,09-02-2020
1787,1787,90,23-10-2020
1788,1788,352,07-12-2023
1789,1789,457,29-06-2023
1790,1790,619,04-08-2021
1791,1791,152,19-11-2025
1792,1792,633,16-12-2021
1793,1793,114,30-04-2025
1794,1794,301,23-08-2023
1795,1795,607,14-11-2022
1796,1796,287,09-03-2025
1797,1797,73,19-12-2021
1798,1798,631,21-12-2021
1799,1799,603,06-06-2025
1800,1800,11,24-11-2023
1801,1801,516,11-03-2021
1802,1802,498,14-01-2021
1803,1803,572,08-04-2025
1804,1804,597,07-02-2025
1805,1805,285,31-01-2023
1806,1806,386,06-04-2022
1807,1807,519,14-02-2022
1808,1808,217,30-10-2022
1809,1809,194,17-01-2023
1810,1810,637,18-08-2025
1811,1811,161,06-01-2025
1812,1812,220,16-10-2024
1813,1813,170,07-04-2021
1814,1814,333,16-01-2020
1815,1815,61,03-03-2023
1816,1816,25,14-05-2025
1817,1817,597,10-09-2023
1818,1818,309,03-11-2023
1819,1819,30,13-08-2021
1820,1820,16,26-01-2020
1821,1821,108,17-04-2022
1822,1822,332,01-01-2024
1823,1823,328,24-05-2021
1824,1824,543,15-06-2024
1825,1825,547,14-03-2020
1826,1826,93,19-12-2024
1827,1827,537,17-04-2025
1828,1828,575,29-12-2022
1829,1829,170,29-12-2020
1830,1830,213,28-03-2021
1831,1831,286,21-02-2021
1832,1832,597,27-11-2021
1833,1833,522,12-12-2023
1834,1834,574,05-08-2020
1835,1835,152,19-02-2024
1836,1836,503,23-01-2025
1837,1837,312,11-01-2023
1838,1838,514,28-09-2021
1839,1839,135,10-08-2020
1840,1840,561,05-04-2024
1841,1841,563,20-09-2023
1842,1842,80,27-08-2020
1843,1843,172,24-09-2021
1844,1844,333,30-06-2022
1845,1845,289,23-12-2021
1846,1846,621,22-01-2025
1847,1847,333,28-04-2022
1848,1848,573,13-04-2023
1849,1849,204,11-07-2023
1850,1850,243,22-09-2024
1851,1851,559,09-06-2025
1852,1852,584,01-09-2022
1853,1853,217,03-11-2025
1854,1854,220,20-03-2023
1855,1855,301,28-04-2020
1856,1856,332,05-07-2025
1857,1857,332,24-11-2024
1858,1858,497,01-01-2020
1859,1859,500,29-11-2024
1860,1860,45,25-09-2021
1861,1861,633,17-02-2025
1862,1862,251,15-05-2024
1863,1863,218,23-04-2021
1864,1864,160,28-03-2025
1865,1865,160,26-05-2021
1866,1866,152,20-08-2020
1867,1867,333,31-03-2025
1868,1868,152,21-01-2023
1869,1869,443,28-01-2023
1870,1870,649,20-07-2020
1871,1871,224,20-12-2022
1872,1872,291,20-12-2025
1873,1873,444,25-01-2022
1874,1874,472,11-08-2024
1875,1875,10,04-12-2024
1876,1876,105,22-05-2022
1877,1877,597,31-08-2022
1878,1878,572,02-07-2024
1879,1879,572,05-08-2022
1880,1880,318,27-03-2023
1881,1881,555,17-03-2023
1882,1882,362,29-08-2021
1883,1883,80,10-01-2024
1884,1884,453,29-10-2024
1885,1885,279,20-03-2023
1886,1886,394,08-05-2025
1887,1887,525,18-05-2024
1888,1888,166,28-06-2023
1889,1889,588,02-05-2020
1890,1890,39,17-04-2024
1891,1891,417,16-03-2023
1892,1892,283,05-04-2021
1893,1893,36,04-10-2023
1894,1894,112,04-08-2022
1895,1895,321,14-05-2021
1896,1896,66,16-08-2020
1897,1897,400,07-07-2022
1898,1898,427,16-05-2021
1899,1899,172,02-07-2023
1900,1900,291,03-07-2021
1901,1901,523,13-12-2021
1902,1902,62,03-11-2025
1903,1903,151,25-05-2024
1904,1904,243,05-11-2021
1905,1905,180,31-05-2024
1906,1906,138,18-12-2023
1907,1907,572,24-11-2022
1908,1908,64,25-07-2025
1909,1909,611,18-09-2024
1910,1910,479,23-01-2020
1911,1911,110,13-06-2024
1912,1912,271,29-05-2024
1913,1913,644,09-10-2024
1914,1914,484,06-05-2023
1915,1915,112,17-02-2024
1916,1916,175,22-01-2024
1917,1917,301,05-02-2022
1918,1918,35,07-08-2025
1919,1919,522,05-01-2025
1920,1920,362,20-03-2022
1921,1921,280,01-10-2023
1922,1922,229,19-05-2025
1923,1923,34,30-01-2024
1924,1924,124,05-10-2020
1925,1925,147,18-10-2020
1926,1926,629,07-12-2024
1927,1927,422,12-08-2020
1928,1928,40,08-11-2020
1929,1929,301,28-04-2022
1930,1930,47,30-03-2023
1931,1931,301,22-05-2020
1932,1932,236,27-07-2020
1933,1933,25,01-02-2020
1934,1934,543,09-03-2023
1935,1935,167,26-06-2020
1936,1936,178,15-08-2025
1937,1937,336,18-11-2023
1938,1938,152,24-09-2023
1939,1939,516,22-12-2021
1940,1940,312,09-10-2021
1941,1941,186,23-10-2023
1942,1942,147,01-10-2020
1943,1943,362,02-09-2021
1944,1944,573,31-07-2024
1945,1945,55,10-07-2025
1946,1946,74,29-09-2021
1947,1947,30,12-07-2022
1948,1948,152,05-06-2023
1949,1949,590,25-07-2021
1950,1950,167,16-03-2021
1951,1951,160,04-08-2024
1952,1952,594,16-08-2020
1953,1953,220,20-02-2023
1954,1954,39,29-02-2024
1955,1955,39,15-11-2020
1956,1956,172,11-03-2020
1957,1957,458,09-02-2024
1958,1958,593,01-09-2022
1959,1959,146,17-08-2025
1960,1960,449,24-12-2021
1961,1961,565,29-12-2021
1962,1962,6,23-05-2022
1963,1963,170,26-02-2021
1964,1964,332,17-07-2023
1965,1965,16,12-12-2024
1966,1966,172,22-07-2023
1967,1967,146,22-12-2022
1968,1968,463,20-07-2024
1969,1969,551,05-08-2023
1970,1970,390,10-06-2023
1971,1971,180,15-02-2023
1972,1972,249,05-06-2020
1973,1973,330,04-06-2025
1974,1974,506,27-02-2024
1975,1975,572,17-10-2022
1976,1976,640,05-03-2022
1977,1977,242,17-07-2025
1978,1978,301,16-01-2023
1979,1979,427,15-12-2022
1980,1980,597,24-08-2020
1981,1981,564,05-05-2024
1982,1982,622,26-12-2023
1983,1983,39,30-12-2025
1984,1984,467,14-11-2020
1985,1985,576,27-02-2021
1986,1986,439,31-07-2023
1987,1987,483,21-02-2024
1988,1988,126,08-02-2021
1989,1989,402,19-10-2020
1990,1990,508,23-09-2021
1991,1991,631,04-03-2020
1992,1992,330,01-01-2023
1993,1993,297,03-07-2025
1994,1994,529,24-01-2022
1995,1995,361,15-04-2020
1996,1996,162,16-02-2023
1997,1997,250,19-04-2020
1998,1998,152,23-01-2025
1999,1999,286,16-11-2022
2000,2000,597,02-08-2023